{"cameraMode":{"drawMode":0,"name":"Shaded","section":"Shading Mode"},"sceneLighting":true,"audioPlay":false,"sceneViewState":{"showFog":true,"showMaterialUpdate":false,"showSkybox":true,"showFlares":true,"showImageEffects":true,"showParticleSystems":true},"in2DMode":false,"pivot":{"x":-0.37699317932128909,"y":0.3112412095069885,"z":1.1797598600387574},"rotation":{"x":-0.09925056248903275,"y":0.5263550877571106,"z":-0.06203126162290573,"w":-0.842171847820282},"size":3.9684274196624758,"orthographic":false}