{"cameraMode":{"drawMode":0,"name":"Shaded","section":"Shading Mode"},"sceneLighting":true,"audioPlay":false,"sceneViewState":{"showFog":true,"showMaterialUpdate":false,"showSkybox":true,"showFlares":true,"showImageEffects":true,"showParticleSystems":true},"in2DMode":false,"pivot":{"x":1.0269794464111329,"y":0.18470048904418946,"z":-1.1827501058578492},"rotation":{"x":-0.018833234906196595,"y":0.9767889976501465,"z":-0.19019640982151032,"w":-0.09672202169895172},"size":3.2729690074920656,"orthographic":false}